item_uid,answer,distractors,gold_letter,gold_quadrant,A_top_left_term,B_top_right_term,C_bottom_left_term,D_bottom_right_term,A_top_left_src,B_top_right_src,C_bottom_left_src,D_bottom_right_src,composite_path
vocab__acorn,acorn,coconut|key|clothesline,A,top-left,acorn,coconut,key,clothesline,data/assets/2026-03-24/visual/vocab/acorn.webp,data/assets/2026-03-24/visual/vocab/coconut.webp,data/assets/2026-03-24/visual/vocab/key.webp,data/assets/2026-03-24/visual/vocab/clothesline.webp,local_data/vocab_graphics/images/vocab__acorn.png
vocab__aloe,aloe,bracket|cactus|banner,B,top-right,bracket,aloe,cactus,banner,data/assets/2026-03-24/visual/vocab/bracket.webp,data/assets/2026-03-24/visual/vocab/aloe.webp,data/assets/2026-03-24/visual/vocab/cactus.webp,data/assets/2026-03-24/visual/vocab/banner.webp,local_data/vocab_graphics/images/vocab__aloe.png
vocab__antenna,antenna,pinecone|stem|backgammon,A,top-left,antenna,backgammon,stem,pinecone,data/assets/2026-03-24/visual/vocab/antenna.webp,data/assets/2026-03-24/visual/vocab/backgammon.webp,data/assets/2026-03-24/visual/vocab/stem.webp,data/assets/2026-03-24/visual/vocab/pinecone.webp,local_data/vocab_graphics/images/vocab__antenna.png
vocab__artichoke,artichoke,leek|sunroof|cello,C,bottom-left,sunroof,cello,artichoke,leek,data/assets/2026-03-24/visual/vocab/sunroof.webp,data/assets/2026-03-24/visual/vocab/cello.webp,data/assets/2026-03-24/visual/vocab/artichoke.webp,data/assets/2026-03-24/visual/vocab/leek.webp,local_data/vocab_graphics/images/vocab__artichoke.png
vocab__bamboo,bamboo,lumber|yacht|apron,C,bottom-left,lumber,apron,bamboo,yacht,data/assets/2026-03-24/visual/vocab/lumber.webp,data/assets/2026-03-24/visual/vocab/apron.webp,data/assets/2026-03-24/visual/vocab/bamboo.webp,data/assets/2026-03-24/visual/vocab/yacht.webp,local_data/vocab_graphics/images/vocab__bamboo.png
vocab__barrel,barrel,bucket|shelf|anteater,D,bottom-right,anteater,bucket,shelf,barrel,data/assets/2026-03-24/visual/vocab/anteater.webp,data/assets/2026-03-24/visual/vocab/bucket.webp,data/assets/2026-03-24/visual/vocab/shelf.webp,data/assets/2026-03-24/visual/vocab/barrel.webp,local_data/vocab_graphics/images/vocab__barrel.png
vocab__blender,blender,blind|mailbox|trampoline,B,top-right,blind,blender,mailbox,trampoline,data/assets/2026-03-24/visual/vocab/blind.webp,data/assets/2026-03-24/visual/vocab/blender.webp,data/assets/2026-03-24/visual/vocab/mailbox.webp,data/assets/2026-03-24/visual/vocab/trampoline.webp,local_data/vocab_graphics/images/vocab__blender.png
vocab__blower,blower,buggy|burner|papaya,D,bottom-right,buggy,papaya,burner,blower,data/assets/2026-03-24/visual/vocab/buggy.webp,data/assets/2026-03-24/visual/vocab/papaya.webp,data/assets/2026-03-24/visual/vocab/burner.webp,data/assets/2026-03-24/visual/vocab/blower.webp,local_data/vocab_graphics/images/vocab__blower.png
vocab__bouquet,bouquet,bandanna|centerpiece|submarine,D,bottom-right,bandanna,centerpiece,submarine,bouquet,data/assets/2026-03-24/visual/vocab/bandanna.webp,data/assets/2026-03-24/visual/vocab/centerpiece.webp,data/assets/2026-03-24/visual/vocab/submarine.webp,data/assets/2026-03-24/visual/vocab/bouquet.webp,local_data/vocab_graphics/images/vocab__bouquet.png
vocab__buffet,buffet,counter|crib|rhubarb,B,top-right,rhubarb,buffet,crib,counter,data/assets/2026-03-24/visual/vocab/rhubarb.webp,data/assets/2026-03-24/visual/vocab/buffet.webp,data/assets/2026-03-24/visual/vocab/crib.webp,data/assets/2026-03-24/visual/vocab/counter.webp,local_data/vocab_graphics/images/vocab__buffet.png
vocab__bulldozer,bulldozer,orange|tractor|eggplant,A,top-left,bulldozer,tractor,orange,eggplant,data/assets/2026-03-24/visual/vocab/bulldozer.webp,data/assets/2026-03-24/visual/vocab/tractor.webp,data/assets/2026-03-24/visual/vocab/orange.webp,data/assets/2026-03-24/visual/vocab/eggplant.webp,local_data/vocab_graphics/images/vocab__bulldozer.png
vocab__cake,cake,dessert|refrigerator|battery,B,top-right,battery,cake,refrigerator,dessert,data/assets/2026-03-24/visual/vocab/battery.webp,data/assets/2026-03-24/visual/vocab/cake.webp,data/assets/2026-03-24/visual/vocab/refrigerator.webp,data/assets/2026-03-24/visual/vocab/dessert.webp,local_data/vocab_graphics/images/vocab__cake.png
vocab__caramel,caramel,amber|olive|warthog,B,top-right,warthog,caramel,amber,olive,data/assets/2026-03-24/visual/vocab/warthog.webp,data/assets/2026-03-24/visual/vocab/caramel.webp,data/assets/2026-03-24/visual/vocab/amber.webp,data/assets/2026-03-24/visual/vocab/olive.webp,local_data/vocab_graphics/images/vocab__caramel.png
vocab__carousel,carousel,carriage|dish|melon,D,bottom-right,melon,dish,carriage,carousel,data/assets/2026-03-24/visual/vocab/melon.webp,data/assets/2026-03-24/visual/vocab/dish.webp,data/assets/2026-03-24/visual/vocab/carriage.webp,data/assets/2026-03-24/visual/vocab/carousel.webp,local_data/vocab_graphics/images/vocab__carousel.png
vocab__carrot,carrot,phone|vegetable|bathtub,B,top-right,phone,carrot,vegetable,bathtub,data/assets/2026-03-24/visual/vocab/phone.webp,data/assets/2026-03-24/visual/vocab/carrot.webp,data/assets/2026-03-24/visual/vocab/vegetable.webp,data/assets/2026-03-24/visual/vocab/bathtub.webp,local_data/vocab_graphics/images/vocab__carrot.png
vocab__cassette,cassette,book|tape|hammock,B,top-right,hammock,cassette,book,tape,data/assets/2026-03-24/visual/vocab/hammock.webp,data/assets/2026-03-24/visual/vocab/cassette.webp,data/assets/2026-03-24/visual/vocab/book.webp,data/assets/2026-03-24/visual/vocab/tape.webp,local_data/vocab_graphics/images/vocab__cassette.png
vocab__cheese,cheese,butter|mud|hippopotamus,C,bottom-left,butter,hippopotamus,cheese,mud,data/assets/2026-03-24/visual/vocab/butter.webp,data/assets/2026-03-24/visual/vocab/hippopotamus.webp,data/assets/2026-03-24/visual/vocab/cheese.webp,data/assets/2026-03-24/visual/vocab/mud.webp,local_data/vocab_graphics/images/vocab__cheese.png
vocab__cloak,cloak,cinnamon|hood|jellyfish,D,bottom-right,hood,jellyfish,cinnamon,cloak,data/assets/2026-03-24/visual/vocab/hood.webp,data/assets/2026-03-24/visual/vocab/jellyfish.webp,data/assets/2026-03-24/visual/vocab/cinnamon.webp,data/assets/2026-03-24/visual/vocab/cloak.webp,local_data/vocab_graphics/images/vocab__cloak.png
vocab__clothespin,clothespin,toothpick|volleyball|fondue,B,top-right,fondue,clothespin,toothpick,volleyball,data/assets/2026-03-24/visual/vocab/fondue.webp,data/assets/2026-03-24/visual/vocab/clothespin.webp,data/assets/2026-03-24/visual/vocab/toothpick.webp,data/assets/2026-03-24/visual/vocab/volleyball.webp,local_data/vocab_graphics/images/vocab__clothespin.png
vocab__coaster,coaster,card|painting|hummingbird,D,bottom-right,card,hummingbird,painting,coaster,data/assets/2026-03-24/visual/vocab/card.webp,data/assets/2026-03-24/visual/vocab/hummingbird.webp,data/assets/2026-03-24/visual/vocab/painting.webp,data/assets/2026-03-24/visual/vocab/coaster.webp,local_data/vocab_graphics/images/vocab__coaster.png
vocab__cork,cork,jersey|skateboard|mascara,C,bottom-left,mascara,skateboard,cork,jersey,data/assets/2026-03-24/visual/vocab/mascara.webp,data/assets/2026-03-24/visual/vocab/skateboard.webp,data/assets/2026-03-24/visual/vocab/cork.webp,data/assets/2026-03-24/visual/vocab/jersey.webp,local_data/vocab_graphics/images/vocab__cork.png
vocab__cornbread,cornbread,corn|wreath|organ,A,top-left,cornbread,wreath,corn,organ,data/assets/2026-03-24/visual/vocab/cornbread.webp,data/assets/2026-03-24/visual/vocab/wreath.webp,data/assets/2026-03-24/visual/vocab/corn.webp,data/assets/2026-03-24/visual/vocab/organ.webp,local_data/vocab_graphics/images/vocab__cornbread.png
vocab__corset,corset,harness|mantle|bonsai,C,bottom-left,harness,mantle,corset,bonsai,data/assets/2026-03-24/visual/vocab/harness.webp,data/assets/2026-03-24/visual/vocab/mantle.webp,data/assets/2026-03-24/visual/vocab/corset.webp,data/assets/2026-03-24/visual/vocab/bonsai.webp,local_data/vocab_graphics/images/vocab__corset.png
vocab__dumpling,dumpling,meatball|rocket|coyote,B,top-right,coyote,dumpling,meatball,rocket,data/assets/2026-03-24/visual/vocab/coyote.webp,data/assets/2026-03-24/visual/vocab/dumpling.webp,data/assets/2026-03-24/visual/vocab/meatball.webp,data/assets/2026-03-24/visual/vocab/rocket.webp,local_data/vocab_graphics/images/vocab__dumpling.png
vocab__elbow,elbow,arm|bed|gorilla,B,top-right,gorilla,elbow,arm,bed,data/assets/2026-03-24/visual/vocab/gorilla.webp,data/assets/2026-03-24/visual/vocab/elbow.webp,data/assets/2026-03-24/visual/vocab/arm.webp,data/assets/2026-03-24/visual/vocab/bed.webp,local_data/vocab_graphics/images/vocab__elbow.png
vocab__fan,fan,album|boulder|chipmunk,C,bottom-left,album,boulder,fan,chipmunk,data/assets/2026-03-24/visual/vocab/album.webp,data/assets/2026-03-24/visual/vocab/boulder.webp,data/assets/2026-03-24/visual/vocab/fan.webp,data/assets/2026-03-24/visual/vocab/chipmunk.webp,local_data/vocab_graphics/images/vocab__fan.png
vocab__foam,foam,float|quilt|asparagus,B,top-right,asparagus,foam,quilt,float,data/assets/2026-03-24/visual/vocab/asparagus.webp,data/assets/2026-03-24/visual/vocab/foam.webp,data/assets/2026-03-24/visual/vocab/quilt.webp,data/assets/2026-03-24/visual/vocab/float.webp,local_data/vocab_graphics/images/vocab__foam.png
vocab__footbath,footbath,trough|vest|rhinoceros,D,bottom-right,vest,trough,rhinoceros,footbath,data/assets/2026-03-24/visual/vocab/vest.webp,data/assets/2026-03-24/visual/vocab/trough.webp,data/assets/2026-03-24/visual/vocab/rhinoceros.webp,data/assets/2026-03-24/visual/vocab/footbath.webp,local_data/vocab_graphics/images/vocab__footbath.png
vocab__fruitcake,fruitcake,dough|fudge|anvil,C,bottom-left,dough,fudge,fruitcake,anvil,data/assets/2026-03-24/visual/vocab/dough.webp,data/assets/2026-03-24/visual/vocab/fudge.webp,data/assets/2026-03-24/visual/vocab/fruitcake.webp,data/assets/2026-03-24/visual/vocab/anvil.webp,local_data/vocab_graphics/images/vocab__fruitcake.png
vocab__gutter,gutter,almond|filter|porthole,B,top-right,almond,gutter,filter,porthole,data/assets/2026-03-24/visual/vocab/almond.webp,data/assets/2026-03-24/visual/vocab/gutter.webp,data/assets/2026-03-24/visual/vocab/filter.webp,data/assets/2026-03-24/visual/vocab/porthole.webp,local_data/vocab_graphics/images/vocab__gutter.png
vocab__hamster,hamster,rabbit|tadpole|skirt,A,top-left,hamster,tadpole,skirt,rabbit,data/assets/2026-03-24/visual/vocab/hamster.webp,data/assets/2026-03-24/visual/vocab/tadpole.webp,data/assets/2026-03-24/visual/vocab/skirt.webp,data/assets/2026-03-24/visual/vocab/rabbit.webp,local_data/vocab_graphics/images/vocab__hamster.png
vocab__hedgehog,hedgehog,iguana|owl|dumbwaiter,D,bottom-right,dumbwaiter,owl,iguana,hedgehog,data/assets/2026-03-24/visual/vocab/dumbwaiter.webp,data/assets/2026-03-24/visual/vocab/owl.webp,data/assets/2026-03-24/visual/vocab/iguana.webp,data/assets/2026-03-24/visual/vocab/hedgehog.webp,local_data/vocab_graphics/images/vocab__hedgehog.png
vocab__hoe,hoe,dustpan|peg|beaker,C,bottom-left,peg,beaker,hoe,dustpan,data/assets/2026-03-24/visual/vocab/peg.webp,data/assets/2026-03-24/visual/vocab/beaker.webp,data/assets/2026-03-24/visual/vocab/hoe.webp,data/assets/2026-03-24/visual/vocab/dustpan.webp,local_data/vocab_graphics/images/vocab__hoe.png
vocab__hopscotch,hopscotch,chalk|funnel|jug,C,bottom-left,chalk,jug,hopscotch,funnel,data/assets/2026-03-24/visual/vocab/chalk.webp,data/assets/2026-03-24/visual/vocab/jug.webp,data/assets/2026-03-24/visual/vocab/hopscotch.webp,data/assets/2026-03-24/visual/vocab/funnel.webp,local_data/vocab_graphics/images/vocab__hopscotch.png
vocab__kimono,kimono,cardigan|turntable|cable,B,top-right,turntable,kimono,cable,cardigan,data/assets/2026-03-24/visual/vocab/turntable.webp,data/assets/2026-03-24/visual/vocab/kimono.webp,data/assets/2026-03-24/visual/vocab/cable.webp,data/assets/2026-03-24/visual/vocab/cardigan.webp,local_data/vocab_graphics/images/vocab__kimono.png
vocab__latch,latch,lock|microwave|umbrella,D,bottom-right,lock,microwave,umbrella,latch,data/assets/2026-03-24/visual/vocab/lock.webp,data/assets/2026-03-24/visual/vocab/microwave.webp,data/assets/2026-03-24/visual/vocab/umbrella.webp,data/assets/2026-03-24/visual/vocab/latch.webp,local_data/vocab_graphics/images/vocab__latch.png
vocab__locker,locker,basket|cabinet|gargoyle,B,top-right,cabinet,locker,basket,gargoyle,data/assets/2026-03-24/visual/vocab/cabinet.webp,data/assets/2026-03-24/visual/vocab/locker.webp,data/assets/2026-03-24/visual/vocab/basket.webp,data/assets/2026-03-24/visual/vocab/gargoyle.webp,local_data/vocab_graphics/images/vocab__locker.png
vocab__lollipop,lollipop,candy|doorbell|crumb,A,top-left,lollipop,crumb,candy,doorbell,data/assets/2026-03-24/visual/vocab/lollipop.webp,data/assets/2026-03-24/visual/vocab/crumb.webp,data/assets/2026-03-24/visual/vocab/candy.webp,data/assets/2026-03-24/visual/vocab/doorbell.webp,local_data/vocab_graphics/images/vocab__lollipop.png
vocab__map,map,marker|ruby|dishwasher,D,bottom-right,marker,ruby,dishwasher,map,data/assets/2026-03-24/visual/vocab/marker.webp,data/assets/2026-03-24/visual/vocab/ruby.webp,data/assets/2026-03-24/visual/vocab/dishwasher.webp,data/assets/2026-03-24/visual/vocab/map.webp,local_data/vocab_graphics/images/vocab__map.png
vocab__marshmallow,marshmallow,dryer|snowball|rooster,B,top-right,rooster,marshmallow,snowball,dryer,data/assets/2026-03-24/visual/vocab/rooster.webp,data/assets/2026-03-24/visual/vocab/marshmallow.webp,data/assets/2026-03-24/visual/vocab/snowball.webp,data/assets/2026-03-24/visual/vocab/dryer.webp,local_data/vocab_graphics/images/vocab__marshmallow.png
vocab__net,net,domino|tee|hydrant,D,bottom-right,hydrant,domino,tee,net,data/assets/2026-03-24/visual/vocab/hydrant.webp,data/assets/2026-03-24/visual/vocab/domino.webp,data/assets/2026-03-24/visual/vocab/tee.webp,data/assets/2026-03-24/visual/vocab/net.webp,local_data/vocab_graphics/images/vocab__net.png
vocab__oil,oil,gel|grain|bassinet,A,top-left,oil,gel,bassinet,grain,data/assets/2026-03-24/visual/vocab/oil.webp,data/assets/2026-03-24/visual/vocab/gel.webp,data/assets/2026-03-24/visual/vocab/bassinet.webp,data/assets/2026-03-24/visual/vocab/grain.webp,local_data/vocab_graphics/images/vocab__oil.png
vocab__omelet,omelet,clay|pancake|trunk,A,top-left,omelet,trunk,pancake,clay,data/assets/2026-03-24/visual/vocab/omelet.webp,data/assets/2026-03-24/visual/vocab/trunk.webp,data/assets/2026-03-24/visual/vocab/pancake.webp,data/assets/2026-03-24/visual/vocab/clay.webp,local_data/vocab_graphics/images/vocab__omelet.png
vocab__pie,pie,flashlight|pizza|sweater,B,top-right,pizza,pie,sweater,flashlight,data/assets/2026-03-24/visual/vocab/pizza.webp,data/assets/2026-03-24/visual/vocab/pie.webp,data/assets/2026-03-24/visual/vocab/sweater.webp,data/assets/2026-03-24/visual/vocab/flashlight.webp,local_data/vocab_graphics/images/vocab__pie.png
vocab__pistachio,pistachio,avocado|taco|bagpipe,B,top-right,taco,pistachio,bagpipe,avocado,data/assets/2026-03-24/visual/vocab/taco.webp,data/assets/2026-03-24/visual/vocab/pistachio.webp,data/assets/2026-03-24/visual/vocab/bagpipe.webp,data/assets/2026-03-24/visual/vocab/avocado.webp,local_data/vocab_graphics/images/vocab__pistachio.png
vocab__pitcher,pitcher,batter|tumbleweed|medal,B,top-right,medal,pitcher,tumbleweed,batter,data/assets/2026-03-24/visual/vocab/medal.webp,data/assets/2026-03-24/visual/vocab/pitcher.webp,data/assets/2026-03-24/visual/vocab/tumbleweed.webp,data/assets/2026-03-24/visual/vocab/batter.webp,local_data/vocab_graphics/images/vocab__pitcher.png
vocab__potato,potato,glasses|pot|dragonfly,B,top-right,dragonfly,potato,pot,glasses,data/assets/2026-03-24/visual/vocab/dragonfly.webp,data/assets/2026-03-24/visual/vocab/potato.webp,data/assets/2026-03-24/visual/vocab/pot.webp,data/assets/2026-03-24/visual/vocab/glasses.webp,local_data/vocab_graphics/images/vocab__potato.png
vocab__prism,prism,radar|subway|chinchilla,B,top-right,subway,prism,radar,chinchilla,data/assets/2026-03-24/visual/vocab/subway.webp,data/assets/2026-03-24/visual/vocab/prism.webp,data/assets/2026-03-24/visual/vocab/radar.webp,data/assets/2026-03-24/visual/vocab/chinchilla.webp,local_data/vocab_graphics/images/vocab__prism.png
vocab__puddle,puddle,baseball|bubble|salami,C,bottom-left,baseball,bubble,puddle,salami,data/assets/2026-03-24/visual/vocab/baseball.webp,data/assets/2026-03-24/visual/vocab/bubble.webp,data/assets/2026-03-24/visual/vocab/puddle.webp,data/assets/2026-03-24/visual/vocab/salami.webp,local_data/vocab_graphics/images/vocab__puddle.png
vocab__pump,pump,coat|plug|scarf,D,bottom-right,plug,coat,scarf,pump,data/assets/2026-03-24/visual/vocab/plug.webp,data/assets/2026-03-24/visual/vocab/coat.webp,data/assets/2026-03-24/visual/vocab/scarf.webp,data/assets/2026-03-24/visual/vocab/pump.webp,local_data/vocab_graphics/images/vocab__pump.png
vocab__rice,rice,box|dice|bedpost,A,top-left,rice,bedpost,dice,box,data/assets/2026-03-24/visual/vocab/rice.webp,data/assets/2026-03-24/visual/vocab/bedpost.webp,data/assets/2026-03-24/visual/vocab/dice.webp,data/assets/2026-03-24/visual/vocab/box.webp,local_data/vocab_graphics/images/vocab__rice.png
vocab__saddle,saddle,figurine|handle|broccoli,A,top-left,saddle,broccoli,figurine,handle,data/assets/2026-03-24/visual/vocab/saddle.webp,data/assets/2026-03-24/visual/vocab/broccoli.webp,data/assets/2026-03-24/visual/vocab/figurine.webp,data/assets/2026-03-24/visual/vocab/handle.webp,local_data/vocab_graphics/images/vocab__saddle.png
vocab__sandbag,sandbag,sandpaper|valve|octopus,B,top-right,sandpaper,sandbag,octopus,valve,data/assets/2026-03-24/visual/vocab/sandpaper.webp,data/assets/2026-03-24/visual/vocab/sandbag.webp,data/assets/2026-03-24/visual/vocab/octopus.webp,data/assets/2026-03-24/visual/vocab/valve.webp,local_data/vocab_graphics/images/vocab__sandbag.png
vocab__scaffolding,scaffolding,satellite|veil|antelope,D,bottom-right,satellite,veil,antelope,scaffolding,data/assets/2026-03-24/visual/vocab/satellite.webp,data/assets/2026-03-24/visual/vocab/veil.webp,data/assets/2026-03-24/visual/vocab/antelope.webp,data/assets/2026-03-24/visual/vocab/scaffolding.webp,local_data/vocab_graphics/images/vocab__scaffolding.png
vocab__scoop,scoop,sauce|statue|cauliflower,B,top-right,sauce,scoop,statue,cauliflower,data/assets/2026-03-24/visual/vocab/sauce.webp,data/assets/2026-03-24/visual/vocab/scoop.webp,data/assets/2026-03-24/visual/vocab/statue.webp,data/assets/2026-03-24/visual/vocab/cauliflower.webp,local_data/vocab_graphics/images/vocab__scoop.png
vocab__seagull,seagull,lobster|pigeon|perfume,C,bottom-left,lobster,perfume,seagull,pigeon,data/assets/2026-03-24/visual/vocab/lobster.webp,data/assets/2026-03-24/visual/vocab/perfume.webp,data/assets/2026-03-24/visual/vocab/seagull.webp,data/assets/2026-03-24/visual/vocab/pigeon.webp,local_data/vocab_graphics/images/vocab__seagull.png
vocab__ship,ship,boat|nose|zucchini,D,bottom-right,nose,boat,zucchini,ship,data/assets/2026-03-24/visual/vocab/nose.webp,data/assets/2026-03-24/visual/vocab/boat.webp,data/assets/2026-03-24/visual/vocab/zucchini.webp,data/assets/2026-03-24/visual/vocab/ship.webp,local_data/vocab_graphics/images/vocab__ship.png
vocab__shower,shower,soap|toe|cantaloupe,B,top-right,toe,shower,soap,cantaloupe,data/assets/2026-03-24/visual/vocab/toe.webp,data/assets/2026-03-24/visual/vocab/shower.webp,data/assets/2026-03-24/visual/vocab/soap.webp,data/assets/2026-03-24/visual/vocab/cantaloupe.webp,local_data/vocab_graphics/images/vocab__shower.png
vocab__silverware,silverware,garlic|trophy|eggnog,D,bottom-right,garlic,trophy,eggnog,silverware,data/assets/2026-03-24/visual/vocab/garlic.webp,data/assets/2026-03-24/visual/vocab/trophy.webp,data/assets/2026-03-24/visual/vocab/eggnog.webp,data/assets/2026-03-24/visual/vocab/silverware.webp,local_data/vocab_graphics/images/vocab__silverware.png
vocab__sink,sink,stair|toilet|knitting,B,top-right,knitting,sink,stair,toilet,data/assets/2026-03-24/visual/vocab/knitting.webp,data/assets/2026-03-24/visual/vocab/sink.webp,data/assets/2026-03-24/visual/vocab/stair.webp,data/assets/2026-03-24/visual/vocab/toilet.webp,local_data/vocab_graphics/images/vocab__sink.png
vocab__ski,ski,ice|suitcase|pincushion,D,bottom-right,suitcase,pincushion,ice,ski,data/assets/2026-03-24/visual/vocab/suitcase.webp,data/assets/2026-03-24/visual/vocab/pincushion.webp,data/assets/2026-03-24/visual/vocab/ice.webp,data/assets/2026-03-24/visual/vocab/ski.webp,local_data/vocab_graphics/images/vocab__ski.png
vocab__sloth,sloth,clam|donkey|incense,B,top-right,donkey,sloth,clam,incense,data/assets/2026-03-24/visual/vocab/donkey.webp,data/assets/2026-03-24/visual/vocab/sloth.webp,data/assets/2026-03-24/visual/vocab/clam.webp,data/assets/2026-03-24/visual/vocab/incense.webp,local_data/vocab_graphics/images/vocab__sloth.png
vocab__snail,snail,cow|worm|visor,D,bottom-right,worm,cow,visor,snail,data/assets/2026-03-24/visual/vocab/worm.webp,data/assets/2026-03-24/visual/vocab/cow.webp,data/assets/2026-03-24/visual/vocab/visor.webp,data/assets/2026-03-24/visual/vocab/snail.webp,local_data/vocab_graphics/images/vocab__snail.png
vocab__sorbet,sorbet,palette|tamale|chive,A,top-left,sorbet,palette,chive,tamale,data/assets/2026-03-24/visual/vocab/sorbet.webp,data/assets/2026-03-24/visual/vocab/palette.webp,data/assets/2026-03-24/visual/vocab/chive.webp,data/assets/2026-03-24/visual/vocab/tamale.webp,local_data/vocab_graphics/images/vocab__sorbet.png
vocab__spatula,spatula,lava|paddle|pheasant,D,bottom-right,lava,paddle,pheasant,spatula,data/assets/2026-03-24/visual/vocab/lava.webp,data/assets/2026-03-24/visual/vocab/paddle.webp,data/assets/2026-03-24/visual/vocab/pheasant.webp,data/assets/2026-03-24/visual/vocab/spatula.webp,local_data/vocab_graphics/images/vocab__spatula.png
vocab__sprinkler,sprinkler,flower|sparkler|charcoal,C,bottom-left,sparkler,flower,sprinkler,charcoal,data/assets/2026-03-24/visual/vocab/sparkler.webp,data/assets/2026-03-24/visual/vocab/flower.webp,data/assets/2026-03-24/visual/vocab/sprinkler.webp,data/assets/2026-03-24/visual/vocab/charcoal.webp,local_data/vocab_graphics/images/vocab__sprinkler.png
vocab__squash,squash,branch|pumpkin|gazelle,C,bottom-left,branch,gazelle,squash,pumpkin,data/assets/2026-03-24/visual/vocab/branch.webp,data/assets/2026-03-24/visual/vocab/gazelle.webp,data/assets/2026-03-24/visual/vocab/squash.webp,data/assets/2026-03-24/visual/vocab/pumpkin.webp,local_data/vocab_graphics/images/vocab__squash.png
vocab__squirrel,squirrel,eagle|monkey|shorts,D,bottom-right,shorts,monkey,eagle,squirrel,data/assets/2026-03-24/visual/vocab/shorts.webp,data/assets/2026-03-24/visual/vocab/monkey.webp,data/assets/2026-03-24/visual/vocab/eagle.webp,data/assets/2026-03-24/visual/vocab/squirrel.webp,local_data/vocab_graphics/images/vocab__squirrel.png
vocab__stew,stew,mixer|soup|orchid,D,bottom-right,mixer,orchid,soup,stew,data/assets/2026-03-24/visual/vocab/mixer.webp,data/assets/2026-03-24/visual/vocab/orchid.webp,data/assets/2026-03-24/visual/vocab/soup.webp,data/assets/2026-03-24/visual/vocab/stew.webp,local_data/vocab_graphics/images/vocab__stew.png
vocab__rubberband,rubber band,drill|thermostat|vase,B,top-right,vase,rubber band,drill,thermostat,data/assets/2026-03-24/visual/vocab/vase.webp,data/assets/2026-03-24/visual/vocab/rubberBand.jpg,data/assets/2026-03-24/visual/vocab/drill.webp,data/assets/2026-03-24/visual/vocab/thermostat.webp,local_data/vocab_graphics/images/vocab__rubberband.png
vocab__stump,stump,bookshelf|log|showerhead,C,bottom-left,log,bookshelf,stump,showerhead,data/assets/2026-03-24/visual/vocab/log.webp,data/assets/2026-03-24/visual/vocab/bookshelf.webp,data/assets/2026-03-24/visual/vocab/stump.webp,data/assets/2026-03-24/visual/vocab/showerhead.webp,local_data/vocab_graphics/images/vocab__stump.png
vocab__sunflower,sunflower,pineapple|rim|pinball,D,bottom-right,rim,pinball,pineapple,sunflower,data/assets/2026-03-24/visual/vocab/rim.webp,data/assets/2026-03-24/visual/vocab/pinball.webp,data/assets/2026-03-24/visual/vocab/pineapple.webp,data/assets/2026-03-24/visual/vocab/sunflower.webp,local_data/vocab_graphics/images/vocab__sunflower.png
vocab__swordfish,swordfish,catfish|leopard|graffiti,B,top-right,leopard,swordfish,catfish,graffiti,data/assets/2026-03-24/visual/vocab/leopard.webp,data/assets/2026-03-24/visual/vocab/swordfish.webp,data/assets/2026-03-24/visual/vocab/catfish.webp,data/assets/2026-03-24/visual/vocab/graffiti.webp,local_data/vocab_graphics/images/vocab__swordfish.png
vocab__tapestry,tapestry,backdrop|leggings|forklift,D,bottom-right,backdrop,leggings,forklift,tapestry,data/assets/2026-03-24/visual/vocab/backdrop.webp,data/assets/2026-03-24/visual/vocab/leggings.webp,data/assets/2026-03-24/visual/vocab/forklift.webp,data/assets/2026-03-24/visual/vocab/tapestry.webp,local_data/vocab_graphics/images/vocab__tapestry.png
vocab__teabag,teabag,fingerprint|tea|braid,D,bottom-right,braid,tea,fingerprint,teabag,data/assets/2026-03-24/visual/vocab/braid.webp,data/assets/2026-03-24/visual/vocab/tea.webp,data/assets/2026-03-24/visual/vocab/fingerprint.webp,data/assets/2026-03-24/visual/vocab/teabag.webp,local_data/vocab_graphics/images/vocab__teabag.png
vocab__telescope,telescope,tripod|windshield|anklet,A,top-left,telescope,anklet,tripod,windshield,data/assets/2026-03-24/visual/vocab/telescope.webp,data/assets/2026-03-24/visual/vocab/anklet.webp,data/assets/2026-03-24/visual/vocab/tripod.webp,data/assets/2026-03-24/visual/vocab/windshield.webp,local_data/vocab_graphics/images/vocab__telescope.png
vocab__thermos,thermos,firewood|oilcan|coral,B,top-right,oilcan,thermos,firewood,coral,data/assets/2026-03-24/visual/vocab/oilcan.webp,data/assets/2026-03-24/visual/vocab/thermos.webp,data/assets/2026-03-24/visual/vocab/firewood.webp,data/assets/2026-03-24/visual/vocab/coral.webp,local_data/vocab_graphics/images/vocab__thermos.png
vocab__treasure,treasure,gift|rope|lamp,D,bottom-right,rope,lamp,gift,treasure,data/assets/2026-03-24/visual/vocab/rope.webp,data/assets/2026-03-24/visual/vocab/lamp.webp,data/assets/2026-03-24/visual/vocab/gift.webp,data/assets/2026-03-24/visual/vocab/treasure.webp,local_data/vocab_graphics/images/vocab__treasure.png
vocab__trumpet,trumpet,flute|violin|coleslaw,C,bottom-left,flute,violin,trumpet,coleslaw,data/assets/2026-03-24/visual/vocab/flute.webp,data/assets/2026-03-24/visual/vocab/violin.webp,data/assets/2026-03-24/visual/vocab/trumpet.webp,data/assets/2026-03-24/visual/vocab/coleslaw.webp,local_data/vocab_graphics/images/vocab__trumpet.png
vocab__tulip,tulip,glove|rose|hubcap,D,bottom-right,hubcap,rose,glove,tulip,data/assets/2026-03-24/visual/vocab/hubcap.webp,data/assets/2026-03-24/visual/vocab/rose.webp,data/assets/2026-03-24/visual/vocab/glove.webp,data/assets/2026-03-24/visual/vocab/tulip.webp,local_data/vocab_graphics/images/vocab__tulip.png
vocab__turbine,turbine,generator|tab|pesto,C,bottom-left,pesto,generator,turbine,tab,data/assets/2026-03-24/visual/vocab/pesto.webp,data/assets/2026-03-24/visual/vocab/generator.webp,data/assets/2026-03-24/visual/vocab/turbine.webp,data/assets/2026-03-24/visual/vocab/tab.webp,local_data/vocab_graphics/images/vocab__turbine.png
vocab__turkey,turkey,goat|swan|pencil,C,bottom-left,goat,pencil,turkey,swan,data/assets/2026-03-24/visual/vocab/goat.webp,data/assets/2026-03-24/visual/vocab/pencil.webp,data/assets/2026-03-24/visual/vocab/turkey.webp,data/assets/2026-03-24/visual/vocab/swan.webp,local_data/vocab_graphics/images/vocab__turkey.png
vocab__turtle,turtle,frog|horse|railing,A,top-left,turtle,horse,railing,frog,data/assets/2026-03-24/visual/vocab/turtle.webp,data/assets/2026-03-24/visual/vocab/horse.webp,data/assets/2026-03-24/visual/vocab/railing.webp,data/assets/2026-03-24/visual/vocab/frog.webp,local_data/vocab_graphics/images/vocab__turtle.png
vocab__typewriter,typewriter,printer|sunglasses|drumstick,C,bottom-left,sunglasses,printer,typewriter,drumstick,data/assets/2026-03-24/visual/vocab/sunglasses.webp,data/assets/2026-03-24/visual/vocab/printer.webp,data/assets/2026-03-24/visual/vocab/typewriter.webp,data/assets/2026-03-24/visual/vocab/drumstick.webp,local_data/vocab_graphics/images/vocab__typewriter.png
vocab__watermelon,watermelon,screwdriver|strawberry|crane,A,top-left,watermelon,screwdriver,strawberry,crane,data/assets/2026-03-24/visual/vocab/watermelon.webp,data/assets/2026-03-24/visual/vocab/screwdriver.webp,data/assets/2026-03-24/visual/vocab/strawberry.webp,data/assets/2026-03-24/visual/vocab/crane.webp,local_data/vocab_graphics/images/vocab__watermelon.png
vocab__waterwheel,waterwheel,pinwheel|target|boa,A,top-left,waterwheel,boa,target,pinwheel,data/assets/2026-03-24/visual/vocab/waterwheel.webp,data/assets/2026-03-24/visual/vocab/boa.webp,data/assets/2026-03-24/visual/vocab/target.webp,data/assets/2026-03-24/visual/vocab/pinwheel.webp,local_data/vocab_graphics/images/vocab__waterwheel.png
vocab__ant,ant,muffin|raspberry|mint,C,bottom-left,raspberry,mint,ant,muffin,data/assets/2026-03-24/visual/vocab/raspberry.webp,data/assets/2026-03-24/visual/vocab/mint.webp,data/assets/2026-03-24/visual/vocab/ant.webp,data/assets/2026-03-24/visual/vocab/muffin.webp,local_data/vocab_graphics/images/vocab__ant.png
vocab__ball,ball,pen|peach|snack,A,top-left,ball,snack,peach,pen,data/assets/2026-03-24/visual/vocab/ball.webp,data/assets/2026-03-24/visual/vocab/snack.webp,data/assets/2026-03-24/visual/vocab/peach.webp,data/assets/2026-03-24/visual/vocab/pen.webp,local_data/vocab_graphics/images/vocab__ball.png
vocab__bear,bear,mirror|saw|bell,C,bottom-left,bell,saw,bear,mirror,data/assets/2026-03-24/visual/vocab/bell.webp,data/assets/2026-03-24/visual/vocab/saw.webp,data/assets/2026-03-24/visual/vocab/bear.webp,data/assets/2026-03-24/visual/vocab/mirror.webp,local_data/vocab_graphics/images/vocab__bear.png
vocab__duck,duck,tongue|ladder|snake,B,top-right,ladder,duck,tongue,snake,data/assets/2026-03-24/visual/vocab/ladder.webp,data/assets/2026-03-24/visual/vocab/duck.webp,data/assets/2026-03-24/visual/vocab/tongue.webp,data/assets/2026-03-24/visual/vocab/snake.webp,local_data/vocab_graphics/images/vocab__duck.png
vocab__fork,fork,crow|wagon|bead,D,bottom-right,wagon,bead,crow,fork,data/assets/2026-03-24/visual/vocab/wagon.webp,data/assets/2026-03-24/visual/vocab/bead.webp,data/assets/2026-03-24/visual/vocab/crow.webp,data/assets/2026-03-24/visual/vocab/fork.webp,local_data/vocab_graphics/images/vocab__fork.png
vocab__kitten,kitten,wrist|pillow|mattress,D,bottom-right,mattress,pillow,wrist,kitten,data/assets/2026-03-24/visual/vocab/mattress.webp,data/assets/2026-03-24/visual/vocab/pillow.webp,data/assets/2026-03-24/visual/vocab/wrist.webp,data/assets/2026-03-24/visual/vocab/kitten.webp,local_data/vocab_graphics/images/vocab__kitten.png
vocab__knee,knee,face|leash|sock,C,bottom-left,sock,face,knee,leash,data/assets/2026-03-24/visual/vocab/sock.webp,data/assets/2026-03-24/visual/vocab/face.webp,data/assets/2026-03-24/visual/vocab/knee.webp,data/assets/2026-03-24/visual/vocab/leash.webp,local_data/vocab_graphics/images/vocab__knee.png
vocab__milkshake,milkshake,pan|needle|gate,A,top-left,milkshake,pan,needle,gate,data/assets/2026-03-24/visual/vocab/milkshake.webp,data/assets/2026-03-24/visual/vocab/pan.webp,data/assets/2026-03-24/visual/vocab/needle.webp,data/assets/2026-03-24/visual/vocab/gate.webp,local_data/vocab_graphics/images/vocab__milkshake.png
vocab__skin,skin,cardboard|drum|clock,A,top-left,skin,cardboard,clock,drum,data/assets/2026-03-24/visual/vocab/skin.webp,data/assets/2026-03-24/visual/vocab/cardboard.webp,data/assets/2026-03-24/visual/vocab/clock.webp,data/assets/2026-03-24/visual/vocab/drum.webp,local_data/vocab_graphics/images/vocab__skin.png
vocab__wall,wall,knob|sponge|robot,C,bottom-left,knob,robot,wall,sponge,data/assets/2026-03-24/visual/vocab/knob.webp,data/assets/2026-03-24/visual/vocab/robot.webp,data/assets/2026-03-24/visual/vocab/wall.webp,data/assets/2026-03-24/visual/vocab/sponge.webp,local_data/vocab_graphics/images/vocab__wall.png
vocab__wheel,wheel,fish|bowl|meat,B,top-right,fish,wheel,meat,bowl,data/assets/2026-03-24/visual/vocab/fish.webp,data/assets/2026-03-24/visual/vocab/wheel.webp,data/assets/2026-03-24/visual/vocab/meat.webp,data/assets/2026-03-24/visual/vocab/bowl.webp,local_data/vocab_graphics/images/vocab__wheel.png
vocab__farm,farm,zoo|park|forest,A,top-left,farm,zoo,forest,park,data/assets/2026-03-24/visual/vocab/farm.webp,data/assets/2026-03-24/visual/vocab/zoo.webp,data/assets/2026-03-24/visual/vocab/forest.webp,data/assets/2026-03-24/visual/vocab/park.webp,local_data/vocab_graphics/images/vocab__farm.png
vocab__juggling,juggling,running|biking|playing,B,top-right,running,juggling,playing,biking,data/assets/2026-03-24/visual/vocab/running.webp,data/assets/2026-03-24/visual/vocab/juggling.webp,data/assets/2026-03-24/visual/vocab/playing.webp,data/assets/2026-03-24/visual/vocab/biking.webp,local_data/vocab_graphics/images/vocab__juggling.png
vocab__dressing,dressing,juice|ketchup|flour,A,top-left,dressing,ketchup,flour,juice,data/assets/2026-03-24/visual/vocab/dressing.webp,data/assets/2026-03-24/visual/vocab/ketchup.webp,data/assets/2026-03-24/visual/vocab/flour.webp,data/assets/2026-03-24/visual/vocab/juice.webp,local_data/vocab_graphics/images/vocab__dressing.png
vocab__roof,roof,stairs|door|fence,C,bottom-left,door,fence,roof,stairs,data/assets/2026-03-24/visual/vocab/door.webp,data/assets/2026-03-24/visual/vocab/fence.webp,data/assets/2026-03-24/visual/vocab/roof.webp,data/assets/2026-03-24/visual/vocab/stairs.webp,local_data/vocab_graphics/images/vocab__roof.png
vocab__peeking,peeking,reading|playing|surfing,C,bottom-left,surfing,playing,peeking,reading,data/assets/2026-03-24/visual/vocab/surfing.webp,data/assets/2026-03-24/visual/vocab/playing.webp,data/assets/2026-03-24/visual/vocab/peeking.webp,data/assets/2026-03-24/visual/vocab/reading.webp,local_data/vocab_graphics/images/vocab__peeking.png
vocab__ruler,ruler,measuringtape|compass|caliper,D,bottom-right,compass,caliper,measuringtape,ruler,data/assets/2026-03-24/visual/vocab/compass.webp,data/assets/2026-03-24/visual/vocab/caliper.webp,data/assets/2026-03-24/visual/vocab/measuringtape.webp,data/assets/2026-03-24/visual/vocab/ruler.webp,local_data/vocab_graphics/images/vocab__ruler.png
vocab__tunnel,tunnel,pathway|waterway|cavern,C,bottom-left,pathway,cavern,tunnel,waterway,data/assets/2026-03-24/visual/vocab/pathway.webp,data/assets/2026-03-24/visual/vocab/cavern.webp,data/assets/2026-03-24/visual/vocab/tunnel.webp,data/assets/2026-03-24/visual/vocab/waterway.webp,local_data/vocab_graphics/images/vocab__tunnel.png
vocab__envelope,envelope,checkbook|stamp|notecard,A,top-left,envelope,stamp,notecard,checkbook,data/assets/2026-03-24/visual/vocab/envelope.webp,data/assets/2026-03-24/visual/vocab/stamp.webp,data/assets/2026-03-24/visual/vocab/notecard.webp,data/assets/2026-03-24/visual/vocab/checkbook.webp,local_data/vocab_graphics/images/vocab__envelope.png
vocab__diamond,diamond,ring|emerald|amethyst,B,top-right,amethyst,diamond,emerald,ring,data/assets/2026-03-24/visual/vocab/amethyst.webp,data/assets/2026-03-24/visual/vocab/diamond.webp,data/assets/2026-03-24/visual/vocab/emerald.webp,data/assets/2026-03-24/visual/vocab/ring.webp,local_data/vocab_graphics/images/vocab__diamond.png
vocab__calendar,calendar,hourglass|sundial|notebook,B,top-right,hourglass,calendar,sundial,notebook,data/assets/2026-03-24/visual/vocab/hourglass.webp,data/assets/2026-03-24/visual/vocab/calendar.webp,data/assets/2026-03-24/visual/vocab/sundial.webp,data/assets/2026-03-24/visual/vocab/notebook.webp,local_data/vocab_graphics/images/vocab__calendar.png
vocab__panda,panda,koala|pig|zebra,C,bottom-left,pig,zebra,panda,koala,data/assets/2026-03-24/visual/vocab/pig.webp,data/assets/2026-03-24/visual/vocab/zebra.webp,data/assets/2026-03-24/visual/vocab/panda.webp,data/assets/2026-03-24/visual/vocab/koala.webp,local_data/vocab_graphics/images/vocab__panda.png
vocab__arrow,arrow,bow|feather|stick,B,top-right,bow,arrow,stick,feather,data/assets/2026-03-24/visual/vocab/bow.webp,data/assets/2026-03-24/visual/vocab/arrow.webp,data/assets/2026-03-24/visual/vocab/stick.webp,data/assets/2026-03-24/visual/vocab/feather.webp,local_data/vocab_graphics/images/vocab__arrow.png
vocab__picking,picking,jumping|dancing|kneading,B,top-right,jumping,picking,dancing,kneading,data/assets/2026-03-24/visual/vocab/jumping.webp,data/assets/2026-03-24/visual/vocab/picking.webp,data/assets/2026-03-24/visual/vocab/dancing.webp,data/assets/2026-03-24/visual/vocab/kneading.webp,local_data/vocab_graphics/images/vocab__picking.png
vocab__dripping,dripping,pouring|flowing|splashing,D,bottom-right,splashing,flowing,pouring,dripping,data/assets/2026-03-24/visual/vocab/splashing.webp,data/assets/2026-03-24/visual/vocab/flowing.webp,data/assets/2026-03-24/visual/vocab/pouring.webp,data/assets/2026-03-24/visual/vocab/dripping.webp,local_data/vocab_graphics/images/vocab__dripping.png
vocab__knight,knight,pirate|king|astronaut,A,top-left,knight,king,astronaut,pirate,data/assets/2026-03-24/visual/vocab/knight.webp,data/assets/2026-03-24/visual/vocab/king.webp,data/assets/2026-03-24/visual/vocab/astronaut.webp,data/assets/2026-03-24/visual/vocab/pirate.webp,local_data/vocab_graphics/images/vocab__knight.png
vocab__delivering,delivering,opening|building|connecting,B,top-right,connecting,delivering,building,opening,data/assets/2026-03-24/visual/vocab/connecting.webp,data/assets/2026-03-24/visual/vocab/delivering.webp,data/assets/2026-03-24/visual/vocab/building.webp,data/assets/2026-03-24/visual/vocab/opening.webp,local_data/vocab_graphics/images/vocab__delivering.png
vocab__dentist,dentist,doctor|pharmacist|scientist,A,top-left,dentist,doctor,pharmacist,scientist,data/assets/2026-03-24/visual/vocab/dentist.webp,data/assets/2026-03-24/visual/vocab/doctor.webp,data/assets/2026-03-24/visual/vocab/pharmacist.webp,data/assets/2026-03-24/visual/vocab/scientist.webp,local_data/vocab_graphics/images/vocab__dentist.png
vocab__claw,claw,hook|pincer|hammer,B,top-right,pincer,claw,hook,hammer,data/assets/2026-03-24/visual/vocab/pincer.webp,data/assets/2026-03-24/visual/vocab/claw.webp,data/assets/2026-03-24/visual/vocab/hook.webp,data/assets/2026-03-24/visual/vocab/hammer.webp,local_data/vocab_graphics/images/vocab__claw.png
vocab__uniform,uniform,costume|suit|dress,D,bottom-right,costume,dress,suit,uniform,data/assets/2026-03-24/visual/vocab/costume.webp,data/assets/2026-03-24/visual/vocab/dress.webp,data/assets/2026-03-24/visual/vocab/suit.webp,data/assets/2026-03-24/visual/vocab/uniform.webp,local_data/vocab_graphics/images/vocab__uniform.png
vocab__furry,furry,hairy|fluffy|silky,C,bottom-left,fluffy,silky,furry,hairy,data/assets/2026-03-24/visual/vocab/fluffy.webp,data/assets/2026-03-24/visual/vocab/silky.webp,data/assets/2026-03-24/visual/vocab/furry.webp,data/assets/2026-03-24/visual/vocab/hairy.webp,local_data/vocab_graphics/images/vocab__furry.png
vocab__cormorant,cormorant,eel|narwhal|turtle,D,bottom-right,turtle,narwhal,eel,cormorant,data/assets/2026-03-24/visual/vocab/turtle.webp,data/assets/2026-03-24/visual/vocab/narwhal.webp,data/assets/2026-03-24/visual/vocab/eel.webp,data/assets/2026-03-24/visual/vocab/cormorant.webp,local_data/vocab_graphics/images/vocab__cormorant.png
vocab__fetch,fetch,jump|fight|sit,B,top-right,jump,fetch,sit,fight,data/assets/2026-03-24/visual/vocab/jump.webp,data/assets/2026-03-24/visual/vocab/fetch.webp,data/assets/2026-03-24/visual/vocab/sit.webp,data/assets/2026-03-24/visual/vocab/fight.webp,local_data/vocab_graphics/images/vocab__fetch.png
vocab__arcade,arcade,bellows|highvoltage|pier,B,top-right,bellows,arcade,pier,highvoltage,data/assets/2026-03-24/visual/vocab/bellows.webp,data/assets/2026-03-24/visual/vocab/arcade.webp,data/assets/2026-03-24/visual/vocab/pier.webp,data/assets/2026-03-24/visual/vocab/highvoltage.webp,local_data/vocab_graphics/images/vocab__arcade.png
vocab__artifact,artifact,honeycomb|crystal|herringbone,D,bottom-right,herringbone,crystal,honeycomb,artifact,data/assets/2026-03-24/visual/vocab/herringbone.webp,data/assets/2026-03-24/visual/vocab/crystal.webp,data/assets/2026-03-24/visual/vocab/honeycomb.webp,data/assets/2026-03-24/visual/vocab/artifact.webp,local_data/vocab_graphics/images/vocab__artifact.png
vocab__aversion,aversion,dull|neutral|delighted,A,top-left,aversion,neutral,dull,delighted,data/assets/2026-03-24/visual/vocab/aversion.webp,data/assets/2026-03-24/visual/vocab/neutral.webp,data/assets/2026-03-24/visual/vocab/dull.webp,data/assets/2026-03-24/visual/vocab/delighted.webp,local_data/vocab_graphics/images/vocab__aversion.png
vocab__beret,beret,hat|chefshat|safarihat,D,bottom-right,hat,chefshat,safarihat,beret,data/assets/2026-03-24/visual/vocab/hat.webp,data/assets/2026-03-24/visual/vocab/chefshat.webp,data/assets/2026-03-24/visual/vocab/safarihat.webp,data/assets/2026-03-24/visual/vocab/beret.webp,local_data/vocab_graphics/images/vocab__beret.png
vocab__applaud,applaud,yawn|stare|nurse,C,bottom-left,yawn,stare,applaud,nurse,data/assets/2026-03-24/visual/vocab/yawn.webp,data/assets/2026-03-24/visual/vocab/stare.webp,data/assets/2026-03-24/visual/vocab/applaud.webp,data/assets/2026-03-24/visual/vocab/nurse.webp,local_data/vocab_graphics/images/vocab__applaud.png
vocab__timid,timid,interested|excited|pensive,B,top-right,interested,timid,pensive,excited,data/assets/2026-03-24/visual/vocab/interested.webp,data/assets/2026-03-24/visual/vocab/timid.webp,data/assets/2026-03-24/visual/vocab/pensive.webp,data/assets/2026-03-24/visual/vocab/excited.webp,local_data/vocab_graphics/images/vocab__timid.png
vocab__camp,camp,march|paint|steal,C,bottom-left,paint,march,camp,steal,data/assets/2026-03-24/visual/vocab/paint.webp,data/assets/2026-03-24/visual/vocab/march.webp,data/assets/2026-03-24/visual/vocab/camp.webp,data/assets/2026-03-24/visual/vocab/steal.webp,local_data/vocab_graphics/images/vocab__camp.png
vocab__tumble,tumble,applaud|chisel|scythes,B,top-right,applaud,tumble,chisel,scythes,data/assets/2026-03-24/visual/vocab/applaud.webp,data/assets/2026-03-24/visual/vocab/tumble.webp,data/assets/2026-03-24/visual/vocab/chisel.webp,data/assets/2026-03-24/visual/vocab/scythes.webp,local_data/vocab_graphics/images/vocab__tumble.png
vocab__concentric,concentric,oneabovetheother|smallinside|oneachother,A,top-left,concentric,smallinside,oneachother,oneabovetheother,data/assets/2026-03-24/visual/vocab/concentric.webp,data/assets/2026-03-24/visual/vocab/smallinside.webp,data/assets/2026-03-24/visual/vocab/oneachother.webp,data/assets/2026-03-24/visual/vocab/oneabovetheother.webp,local_data/vocab_graphics/images/vocab__concentric.png
vocab__confectionery,confectionery,confectionerymaterial|tools|food,A,top-left,confectionery,food,tools,confectionerymaterial,data/assets/2026-03-24/visual/vocab/confectionery.webp,data/assets/2026-03-24/visual/vocab/food.webp,data/assets/2026-03-24/visual/vocab/tools.webp,data/assets/2026-03-24/visual/vocab/confectionerymaterial.webp,local_data/vocab_graphics/images/vocab__confectionery.png
vocab__couturier,couturier,marketseller|matador|streetartist,A,top-left,couturier,marketseller,streetartist,matador,data/assets/2026-03-24/visual/vocab/couturier.webp,data/assets/2026-03-24/visual/vocab/marketseller.webp,data/assets/2026-03-24/visual/vocab/streetartist.webp,data/assets/2026-03-24/visual/vocab/matador.webp,local_data/vocab_graphics/images/vocab__couturier.png
vocab__degression,degression,fluctuation|progression|stagnation,B,top-right,progression,degression,stagnation,fluctuation,data/assets/2026-03-24/visual/vocab/progression.webp,data/assets/2026-03-24/visual/vocab/degression.webp,data/assets/2026-03-24/visual/vocab/stagnation.webp,data/assets/2026-03-24/visual/vocab/fluctuation.webp,local_data/vocab_graphics/images/vocab__degression.png
vocab__divan,divan,butterdish|handrail|lintroller,A,top-left,divan,butterdish,lintroller,handrail,data/assets/2026-03-24/visual/vocab/divan.webp,data/assets/2026-03-24/visual/vocab/butterdish.webp,data/assets/2026-03-24/visual/vocab/lintroller.webp,data/assets/2026-03-24/visual/vocab/handrail.webp,local_data/vocab_graphics/images/vocab__divan.png
vocab__wetland,wetland,field|dune|meadow,B,top-right,dune,wetland,meadow,field,data/assets/2026-03-24/visual/vocab/dune.webp,data/assets/2026-03-24/visual/vocab/wetland.webp,data/assets/2026-03-24/visual/vocab/meadow.webp,data/assets/2026-03-24/visual/vocab/field.webp,local_data/vocab_graphics/images/vocab__wetland.png
vocab__baywindow,baywindow,threshhold|drapery|capital,D,bottom-right,capital,threshhold,drapery,baywindow,data/assets/2026-03-24/visual/vocab/capital.webp,data/assets/2026-03-24/visual/vocab/threshhold.webp,data/assets/2026-03-24/visual/vocab/drapery.webp,data/assets/2026-03-24/visual/vocab/baywindow.webp,local_data/vocab_graphics/images/vocab__baywindow.png
vocab__aesthete,aesthete,bloodpressuremeasurement|philatelist|researcher,D,bottom-right,bloodpressuremeasurement,researcher,philatelist,aesthete,data/assets/2026-03-24/visual/vocab/bloodpressuremeasurement.webp,data/assets/2026-03-24/visual/vocab/researcher.webp,data/assets/2026-03-24/visual/vocab/philatelist.webp,data/assets/2026-03-24/visual/vocab/aesthete.webp,local_data/vocab_graphics/images/vocab__aesthete.png
vocab__ecstatic,ecstatic,sleep|sad|tired,B,top-right,sleep,ecstatic,sad,tired,data/assets/2026-03-24/visual/vocab/sleep.webp,data/assets/2026-03-24/visual/vocab/ecstatic.webp,data/assets/2026-03-24/visual/vocab/sad.webp,data/assets/2026-03-24/visual/vocab/tired.webp,local_data/vocab_graphics/images/vocab__ecstatic.png
vocab__rickety,rickety,dusk|vacationhome|skyscraper,C,bottom-left,dusk,vacationhome,rickety,skyscraper,data/assets/2026-03-24/visual/vocab/dusk.webp,data/assets/2026-03-24/visual/vocab/vacationhome.webp,data/assets/2026-03-24/visual/vocab/rickety.webp,data/assets/2026-03-24/visual/vocab/skyscraper.webp,local_data/vocab_graphics/images/vocab__rickety.png
vocab__gourmet,gourmet,archaeological|astronomical|surgical,D,bottom-right,surgical,archaeological,astronomical,gourmet,data/assets/2026-03-24/visual/vocab/surgical.webp,data/assets/2026-03-24/visual/vocab/archaeological.webp,data/assets/2026-03-24/visual/vocab/astronomical.webp,data/assets/2026-03-24/visual/vocab/gourmet.webp,local_data/vocab_graphics/images/vocab__gourmet.png
vocab__gesticulate,gesticulate,listen|pose|hide,A,top-left,gesticulate,pose,listen,hide,data/assets/2026-03-24/visual/vocab/gesticulate.webp,data/assets/2026-03-24/visual/vocab/pose.webp,data/assets/2026-03-24/visual/vocab/listen.webp,data/assets/2026-03-24/visual/vocab/hide.webp,local_data/vocab_graphics/images/vocab__gesticulate.png
vocab__facade,facade,glacier|interior|fog,A,top-left,facade,interior,fog,glacier,data/assets/2026-03-24/visual/vocab/facade.webp,data/assets/2026-03-24/visual/vocab/interior.webp,data/assets/2026-03-24/visual/vocab/fog.webp,data/assets/2026-03-24/visual/vocab/glacier.webp,local_data/vocab_graphics/images/vocab__facade.png
vocab__slope,slope,gap|sky|flat,A,top-left,slope,sky,flat,gap,data/assets/2026-03-24/visual/vocab/slope.webp,data/assets/2026-03-24/visual/vocab/sky.webp,data/assets/2026-03-24/visual/vocab/flat.webp,data/assets/2026-03-24/visual/vocab/gap.webp,local_data/vocab_graphics/images/vocab__slope.png
vocab__habit,habit,divinghelmet|chasuble|mail,A,top-left,habit,divinghelmet,chasuble,mail,data/assets/2026-03-24/visual/vocab/habit.webp,data/assets/2026-03-24/visual/vocab/divinghelmet.webp,data/assets/2026-03-24/visual/vocab/chasuble.webp,data/assets/2026-03-24/visual/vocab/mail.webp,local_data/vocab_graphics/images/vocab__habit.png
vocab__intersection,intersection,monastery|avenue|level,D,bottom-right,avenue,monastery,level,intersection,data/assets/2026-03-24/visual/vocab/avenue.webp,data/assets/2026-03-24/visual/vocab/monastery.webp,data/assets/2026-03-24/visual/vocab/level.webp,data/assets/2026-03-24/visual/vocab/intersection.webp,local_data/vocab_graphics/images/vocab__intersection.png
vocab__irrigation,irrigation,hydroterm|dump|repot,D,bottom-right,dump,repot,hydroterm,irrigation,data/assets/2026-03-24/visual/vocab/dump.webp,data/assets/2026-03-24/visual/vocab/repot.webp,data/assets/2026-03-24/visual/vocab/hydroterm.webp,data/assets/2026-03-24/visual/vocab/irrigation.webp,local_data/vocab_graphics/images/vocab__irrigation.png
vocab__kazoo,kazoo,cabasa|mandolin|rainstick,D,bottom-right,cabasa,mandolin,rainstick,kazoo,data/assets/2026-03-24/visual/vocab/cabasa.webp,data/assets/2026-03-24/visual/vocab/mandolin.webp,data/assets/2026-03-24/visual/vocab/rainstick.webp,data/assets/2026-03-24/visual/vocab/kazoo.webp,local_data/vocab_graphics/images/vocab__kazoo.png
vocab__chat,chat,mountaineering|horseriding|referee,C,bottom-left,referee,horseriding,chat,mountaineering,data/assets/2026-03-24/visual/vocab/referee.webp,data/assets/2026-03-24/visual/vocab/horseriding.webp,data/assets/2026-03-24/visual/vocab/chat.webp,data/assets/2026-03-24/visual/vocab/mountaineering.webp,local_data/vocab_graphics/images/vocab__chat.png
vocab__colony,colony,herd|pack|school,A,top-left,colony,school,herd,pack,data/assets/2026-03-24/visual/vocab/colony.webp,data/assets/2026-03-24/visual/vocab/school.webp,data/assets/2026-03-24/visual/vocab/herd.webp,data/assets/2026-03-24/visual/vocab/pack.webp,local_data/vocab_graphics/images/vocab__colony.png
vocab__preserve,preserve,grilling|heels|peel,A,top-left,preserve,peel,heels,grilling,data/assets/2026-03-24/visual/vocab/preserve.webp,data/assets/2026-03-24/visual/vocab/peel.webp,data/assets/2026-03-24/visual/vocab/heels.webp,data/assets/2026-03-24/visual/vocab/grilling.webp,local_data/vocab_graphics/images/vocab__preserve.png
vocab__awning,awning,lighter|pouch|folder,D,bottom-right,pouch,folder,lighter,awning,data/assets/2026-03-24/visual/vocab/pouch.webp,data/assets/2026-03-24/visual/vocab/folder.webp,data/assets/2026-03-24/visual/vocab/lighter.webp,data/assets/2026-03-24/visual/vocab/awning.webp,local_data/vocab_graphics/images/vocab__awning.png
vocab__mammalogy,mammalogy,entomology|herpetology|ichthyology,B,top-right,entomology,mammalogy,ichthyology,herpetology,data/assets/2026-03-24/visual/vocab/entomology.webp,data/assets/2026-03-24/visual/vocab/mammalogy.webp,data/assets/2026-03-24/visual/vocab/ichthyology.webp,data/assets/2026-03-24/visual/vocab/herpetology.webp,local_data/vocab_graphics/images/vocab__mammalogy.png
vocab__metronome,metronome,electricitymeter|protractor|voltmeter,C,bottom-left,protractor,electricitymeter,metronome,voltmeter,data/assets/2026-03-24/visual/vocab/protractor.webp,data/assets/2026-03-24/visual/vocab/electricitymeter.webp,data/assets/2026-03-24/visual/vocab/metronome.webp,data/assets/2026-03-24/visual/vocab/voltmeter.webp,local_data/vocab_graphics/images/vocab__metronome.png
vocab__paleontologist,paleontologist,labtechnician|surveyor|roadworker,B,top-right,labtechnician,paleontologist,surveyor,roadworker,data/assets/2026-03-24/visual/vocab/labtechnician.webp,data/assets/2026-03-24/visual/vocab/paleontologist.webp,data/assets/2026-03-24/visual/vocab/surveyor.webp,data/assets/2026-03-24/visual/vocab/roadworker.webp,local_data/vocab_graphics/images/vocab__paleontologist.png
vocab__percussion,percussion,accordion|cello|musicstand,B,top-right,musicstand,percussion,cello,accordion,data/assets/2026-03-24/visual/vocab/music_stand.webp,data/assets/2026-03-24/visual/vocab/percussion.webp,data/assets/2026-03-24/visual/vocab/cello.webp,data/assets/2026-03-24/visual/vocab/accordion.webp,local_data/vocab_graphics/images/vocab__percussion.png
vocab__posterior,posterior,frontal|inferior|lateral,B,top-right,lateral,posterior,inferior,frontal,data/assets/2026-03-24/visual/vocab/lateral.webp,data/assets/2026-03-24/visual/vocab/posterior.webp,data/assets/2026-03-24/visual/vocab/inferior.webp,data/assets/2026-03-24/visual/vocab/frontal.webp,local_data/vocab_graphics/images/vocab__posterior.png
vocab__precarious,precarious,cheerful|taiqi|readaloud,A,top-left,precarious,readaloud,taiqi,cheerful,data/assets/2026-03-24/visual/vocab/precarious.webp,data/assets/2026-03-24/visual/vocab/readaloud.webp,data/assets/2026-03-24/visual/vocab/taiqi.webp,data/assets/2026-03-24/visual/vocab/cheerful.webp,local_data/vocab_graphics/images/vocab__precarious.png
vocab__arbor,arbor,castle|barn|tipi,A,top-left,arbor,barn,tipi,castle,data/assets/2026-03-24/visual/vocab/arbor.webp,data/assets/2026-03-24/visual/vocab/barn.webp,data/assets/2026-03-24/visual/vocab/tipi.webp,data/assets/2026-03-24/visual/vocab/castle.webp,local_data/vocab_graphics/images/vocab__arbor.png
vocab__resuscitation,resuscitation,breathing|pipetting|measurevolts,C,bottom-left,measurevolts,pipetting,resuscitation,breathing,data/assets/2026-03-24/visual/vocab/measurevolts.webp,data/assets/2026-03-24/visual/vocab/pipetting.webp,data/assets/2026-03-24/visual/vocab/resuscitation.webp,data/assets/2026-03-24/visual/vocab/breathing.webp,local_data/vocab_graphics/images/vocab__resuscitation.png
vocab__rosette,rosette,brooch|manholecover|roseball,D,bottom-right,brooch,manholecover,roseball,rosette,data/assets/2026-03-24/visual/vocab/brooch.webp,data/assets/2026-03-24/visual/vocab/manholecover.webp,data/assets/2026-03-24/visual/vocab/roseball.webp,data/assets/2026-03-24/visual/vocab/rosette.webp,local_data/vocab_graphics/images/vocab__rosette.png
vocab__saffron,saffron,cinnamon|clove|staranise,B,top-right,staranise,saffron,clove,cinnamon,data/assets/2026-03-24/visual/vocab/staranise.webp,data/assets/2026-03-24/visual/vocab/saffron.webp,data/assets/2026-03-24/visual/vocab/clove.webp,data/assets/2026-03-24/visual/vocab/cinnamon.webp,local_data/vocab_graphics/images/vocab__saffron.png
vocab__mischievous,mischievous,irritated|headaches|suprised,B,top-right,suprised,mischievous,irritated,headaches,data/assets/2026-03-24/visual/vocab/suprised.webp,data/assets/2026-03-24/visual/vocab/mischievous.webp,data/assets/2026-03-24/visual/vocab/irritated.webp,data/assets/2026-03-24/visual/vocab/headaches.webp,local_data/vocab_graphics/images/vocab__mischievous.png
vocab__skimmer,skimmer,pastaspoon|spatula|strainer,B,top-right,spatula,skimmer,pastaspoon,strainer,data/assets/2026-03-24/visual/vocab/spatula.webp,data/assets/2026-03-24/visual/vocab/skimmer.webp,data/assets/2026-03-24/visual/vocab/pastaspoon.webp,data/assets/2026-03-24/visual/vocab/strainer.webp,local_data/vocab_graphics/images/vocab__skimmer.png
vocab__sedentary,sedentary,proposal|effort|tripod,B,top-right,effort,sedentary,tripod,proposal,data/assets/2026-03-24/visual/vocab/effort.webp,data/assets/2026-03-24/visual/vocab/sedentary.webp,data/assets/2026-03-24/visual/vocab/tripod.webp,data/assets/2026-03-24/visual/vocab/proposal.webp,local_data/vocab_graphics/images/vocab__sedentary.png
vocab__suede,suede,jeans|cotton|silk,D,bottom-right,cotton,jeans,silk,suede,data/assets/2026-03-24/visual/vocab/cotton.webp,data/assets/2026-03-24/visual/vocab/jeans.webp,data/assets/2026-03-24/visual/vocab/silk.webp,data/assets/2026-03-24/visual/vocab/suede.webp,local_data/vocab_graphics/images/vocab__suede.png
vocab__turnstile,turnstile,wiper|scalpel|weathervane,C,bottom-left,weathervane,wiper,turnstile,scalpel,data/assets/2026-03-24/visual/vocab/weathervane.webp,data/assets/2026-03-24/visual/vocab/wiper.webp,data/assets/2026-03-24/visual/vocab/turnstile.jpg,data/assets/2026-03-24/visual/vocab/scalpel.webp,local_data/vocab_graphics/images/vocab__turnstile.png
vocab__triad,triad,duo|myriad|quartet,C,bottom-left,myriad,quartet,triad,duo,data/assets/2026-03-24/visual/vocab/myriad.webp,data/assets/2026-03-24/visual/vocab/quartet.webp,data/assets/2026-03-24/visual/vocab/triad.webp,data/assets/2026-03-24/visual/vocab/duo.webp,local_data/vocab_graphics/images/vocab__triad.png
vocab__dredging,dredging,mow|deforestation|saltextraction,D,bottom-right,mow,deforestation,saltextraction,dredging,data/assets/2026-03-24/visual/vocab/mow.webp,data/assets/2026-03-24/visual/vocab/deforestation.webp,data/assets/2026-03-24/visual/vocab/saltextraction.webp,data/assets/2026-03-24/visual/vocab/dredging.webp,local_data/vocab_graphics/images/vocab__dredging.png
vocab__urban,urban,village|maritime|rural,C,bottom-left,village,maritime,urban,rural,data/assets/2026-03-24/visual/vocab/village.webp,data/assets/2026-03-24/visual/vocab/maritime.webp,data/assets/2026-03-24/visual/vocab/urban.webp,data/assets/2026-03-24/visual/vocab/rural.webp,local_data/vocab_graphics/images/vocab__urban.png
vocab__steam,steam,pottery|rust|blacksmith,C,bottom-left,blacksmith,rust,steam,pottery,data/assets/2026-03-24/visual/vocab/blacksmith.webp,data/assets/2026-03-24/visual/vocab/rust.webp,data/assets/2026-03-24/visual/vocab/steam.webp,data/assets/2026-03-24/visual/vocab/pottery.webp,local_data/vocab_graphics/images/vocab__steam.png
vocab__vertebra,vertebra,leg|hip|skull,C,bottom-left,hip,skull,vertebra,leg,data/assets/2026-03-24/visual/vocab/hip.webp,data/assets/2026-03-24/visual/vocab/skull.webp,data/assets/2026-03-24/visual/vocab/vertebra.webp,data/assets/2026-03-24/visual/vocab/leg.webp,local_data/vocab_graphics/images/vocab__vertebra.png
vocab__bandage,bandage,stretcher|bagbinder|mop,D,bottom-right,stretcher,mop,bagbinder,bandage,data/assets/2026-03-24/visual/vocab/stretcher.webp,data/assets/2026-03-24/visual/vocab/mop.webp,data/assets/2026-03-24/visual/vocab/bagbinder.webp,data/assets/2026-03-24/visual/vocab/bandage.webp,local_data/vocab_graphics/images/vocab__bandage.png
